<?xml version="1.0" encoding="UTF-8"?>
<Configuration status="warn">
    <Properties>
        <Property name="basePath">logs</Property>
    </Properties>

    <Appenders>
        <RollingFile name="fileLogger" fileName="${basePath}/app-info.log" filePattern="${basePath}/MyLogs.log">
            <PatternLayout>
                <pattern>[%-5level] %d{yyyy-MM-dd HH:mm:ss.SSS} [%t] %c{1} - %msg%n</pattern>
            </PatternLayout>
            <Policies>
                <TimeBasedTriggeringPolicy interval="1" modulate="true" />
            </Policies>
        </RollingFile>

        <Console name="console" target="SYSTEM_OUT">
            <PatternLayout   pattern="[%-5level] %d{yyyy-MM-dd HH:mm:ss.SSS} [%t] %c{1} - %msg%n" />
        </Console>
    </Appenders>
    <Loggers>
        <Logger name="Logger" level="trace" additivity="true">
            <appender-ref ref="fileLogger" level="trace" />
        </Logger>
        <Root level="trace" additivity="false">
            <appender-ref ref="console" />
        </Root>
    </Loggers>
</Configuration>